#,Name,URL,Description,Members
1,r/funny,https://www.reddit.com//r/funny/,Reddit's largest humor depository,Member: 65.31M
2,r/AskReddit,https://www.reddit.com//r/AskReddit/,r/AskReddit is the place to ask and answer thought-provoking questions.,Member: 49.29M
3,r/gaming,https://www.reddit.com//r/gaming/,The Number One Gaming forum on the Internet.,Member: 44.43M
4,r/worldnews,https://www.reddit.com//r/worldnews/,"A place for major news from around the world, excluding US-internal news.",Member: 42.85M
5,r/todayilearned,https://www.reddit.com//r/todayilearned/,"You learn something new every day; what did you learn today?
Submit interesting and specific facts about something that you just found out here.",Member: 38.72M
6,r/aww,https://www.reddit.com//r/aww/,"Things that make you go AWW! -- like puppies, bunnies, babies, and so on...

Feel free to post original pictures and videos of cute things.",Member: 37.17M
7,r/Music,https://www.reddit.com//r/Music/,Redditâ€™s #1 Music Community,Member: 35.32M
8,r/memes,https://www.reddit.com//r/memes/,"Memes!

A way of describing cultural information being shared.
An element of a culture or system of behavior that may be considered to be passed from one individual to another by nongenetic means, especially imitation.",Member: 35.01M
9,r/movies,https://www.reddit.com//r/movies/,"The goal of /r/Movies is to provide an inclusive place for discussions and news about films with major releases. Submissions should be for the purpose of informing or initiating a discussion, not just to entertain readers. Read our extensive list of rules for more information on other types of posts like fan-art and self-promotion, or message the moderators if you have any questions.",Member: 33.97M
10,r/Showerthoughts,https://www.reddit.com//r/Showerthoughts/,A subreddit for sharing those miniature epiphanies that make the mundane more amazing.,Member: 33.25M
11,r/science,https://www.reddit.com//r/science/,"This community is a place to share and discuss new scientific research. Read about the latest advances in astronomy, biology, medicine, physics, social science, and more. Find and submit new publications and popular science coverage of current research.",Member: 33.18M
12,r/pics,https://www.reddit.com//r/pics/,"A place for photographs, pictures, and other images.",Member: 31.23M
13,r/Jokes,https://www.reddit.com//r/Jokes/,"The funniest sub on Reddit. Hundreds of jokes posted each day, and some of them aren't even reposts!",Member: 30.22M
14,r/news,https://www.reddit.com//r/news/,The place for news articles about current events in the United States and the rest of the world. Discuss it all here.,Member: 28.99M
15,r/space,https://www.reddit.com//r/space/,"Share & discuss informative content on:

* Astrophysics
* Cosmology
* Space Exploration
* Planetary Science
* Astrobiology",Member: 27.01M
16,r/videos,https://www.reddit.com//r/videos/,"Reddit's main subreddit for videos.

Please read the sidebar below for our rules.",Member: 26.82M
17,r/askscience,https://www.reddit.com//r/askscience/,"Ask a science question, get a science answer.",Member: 25.90M
18,r/DIY,https://www.reddit.com//r/DIY/,DIY,Member: 25.70M
19,r/books,https://www.reddit.com//r/books/,"This is a moderated subreddit. It is our intent and purpose to foster and encourage in-depth discussion about all things related to books, authors, genres, or publishing in a safe, supportive environment. If you're looking for help with a personal book recommendation, consult our Weekly Recommendation Thread, Suggested Reading page, or ask in r/suggestmeabook.",Member: 25.42M
20,r/nottheonion,https://www.reddit.com//r/nottheonion/,For true stories that you could have sworn were from The Onion.,Member: 25.08M
21,r/mildlyinteresting,https://www.reddit.com//r/mildlyinteresting/,"Aww, cripes. I didn't know I'd have to write a description. How many words is that so far, like a hundred? Soooo, yeah. Mildly interesting stuff. Stuff that interests you. Mildly. It's in the name, ffs.",Member: 24.13M
22,r/food,https://www.reddit.com//r/food/,The internets number one place for original food images and more!,Member: 24.06M
23,r/EarthPorn,https://www.reddit.com//r/EarthPorn/,The internet's largest community of landscape photographers and Earth lovers.,Member: 23.70M
24,r/GetMotivated,https://www.reddit.com//r/GetMotivated/,"Welcome to /r/GetMotivated! We're glad you made it. This is the subreddit that will help you finally get up and do what you know you need to do. It's the subreddit to give and receive motivation through pictures, videos, text, music, AMA's personal stories, and anything and everything that you find particularly motivating and/or inspiring.

So browse around, ask questions, give advice, form/join a support group. But don't spend too much time here; you've got better things to do.",Member: 23.41M
25,r/explainlikeimfive,https://www.reddit.com//r/explainlikeimfive/,"Explain Like I'm Five is the best forum and archive on the internet for layperson-friendly explanations.


Don't Panic!",Member: 22.96M
26,r/gadgets,https://www.reddit.com//r/gadgets/,Gadgets,Member: 22.72M
27,r/LifeProTips,https://www.reddit.com//r/LifeProTips/,Tips that improve your life in one way or another.,Member: 22.72M
28,r/IAmA,https://www.reddit.com//r/IAmA/,"I Am A, where the mundane becomes fascinating and the outrageous suddenly seems normal.",Member: 22.52M
29,r/Art,https://www.reddit.com//r/Art/,"This is a subreddit about art, where we are serious about art and artists, and discussing art in a mature, substantive way. *Read the rules* and observe other submissions before posting. Be on your best behavior and do not comment unless you have something meaningful and mature to say. We are strictly moderated and do not give out warnings.",Member: 22.38M
30,r/gifs,https://www.reddit.com//r/gifs/,"""GIFs"" is officially pronounced with a hard ""J""",Member: 21.60M
31,r/sports,https://www.reddit.com//r/sports/,"Sports News and Highlights from the NFL, NBA, NHL, MLB, MLS, and leagues around the world.",Member: 21.56M
32,r/dataisbeautiful,https://www.reddit.com//r/dataisbeautiful/,"DataIsBeautiful is for visualizations that effectively convey information. 
 
 Aesthetics are an important part of information visualization, but pretty pictures are not the sole aim of this subreddit.",Member: 21.32M
33,r/Futurology,https://www.reddit.com//r/Futurology/,"A subreddit devoted to the field of Future(s) Studies and evidence-based speculation about the development of humanity, technology, and civilization.




 --------   You can also find us in the fediverse at - https://futurology.today",Member: 21.06M
34,r/Documentaries,https://www.reddit.com//r/Documentaries/,tl;dw /r/Documentaries is reddit's main subreddit for documentaries. Please read the our community rules.,Member: 20.36M
35,r/UpliftingNews,https://www.reddit.com//r/UpliftingNews/,"A place to read and share positive and uplifting, feel good news stories.",Member: 20.11M
36,r/personalfinance,https://www.reddit.com//r/personalfinance/,"Learn about budgeting, saving, getting out of debt, credit, investing, and retirement planning. Join our community, read the PF Wiki, and get on top of your finances!",Member: 20.08M
37,r/photoshopbattles,https://www.reddit.com//r/photoshopbattles/,"Photoshop contests on reddit. A place to battle using image manipulation software, play photoshop tennis, create new images from old photos, or even win reddit gold.",Member: 20.07M
38,r/WritingPrompts,https://www.reddit.com//r/WritingPrompts/,"Writing Prompts. You're a writer and you just want to flex those muscles? You've come to the right place! If you see a prompt you like, simply write a short story based on it. Get comments from others, and leave commentary for other people's works. Let's help each other.",Member: 18.68M
39,r/tifu,https://www.reddit.com//r/tifu/,/r/TIFU means Today I Fucked Up,Member: 18.61M
40,r/OldSchoolCool,https://www.reddit.com//r/OldSchoolCool/,"/r/OldSchoolCool

**History's cool kids, looking fantastic!**

A pictorial and video celebration of history's coolest kids, everything from beatniks to bikers, mods to rude boys, hippies to ravers. And everything in between. 

If you've found a photo, or a photo essay, of people from the past looking fantastic, here's the place to share it.",Member: 18.61M
41,r/history,https://www.reddit.com//r/history/,"/r/History is a place for discussions about history. Feel free to submit interesting articles, tell us about this cool book you just read, or start a discussion about who everyone's favorite figure of minor French nobility is! This is a somewhat more serious subreddit compared to many others. Make sure to familiarize yourself with our rules and guidelines before participating. All posts must be manually approved by a moderator Thanks!",Member: 18.28M
42,r/Damnthatsinteresting,https://www.reddit.com//r/Damnthatsinteresting/,For the most interesting things on the internet,Member: 18.27M
43,r/philosophy,https://www.reddit.com//r/philosophy/,/r/philosophy: the portal for public philosophy,Member: 18.13M
44,r/nosleep,https://www.reddit.com//r/nosleep/,PLEASE READ OUR GUIDELINES FIRST. Nosleep is a place for redditors to share their scary experiences.,Member: 18.04M
45,r/listentothis,https://www.reddit.com//r/listentothis/,The musical community of reddit -- Now reopened by the order of Reddit,Member: 17.98M
46,r/wholesomememes,https://www.reddit.com//r/wholesomememes/,Welcome to the wholesome side of the internet! This community is for those searching for a way to capture virtue on the internet.,Member: 17.72M
47,r/technology,https://www.reddit.com//r/technology/,Subreddit dedicated to the news and discussions about the creation and use of technology and its surrounding issues.,Member: 17.42M
48,r/television,https://www.reddit.com//r/television/,Welcome to television,Member: 17.40M
49,r/wallstreetbets,https://www.reddit.com//r/wallstreetbets/,Like 4chan found a Bloomberg Terminal.,Member: 16.12M
50,r/InternetIsBeautiful,https://www.reddit.com//r/InternetIsBeautiful/,Welcome to InternetIsBeautiful,Member: 14.99M
51,r/NatureIsFuckingLit,https://www.reddit.com//r/NatureIsFuckingLit/,We are here to appreciate the awesome majesty and incredibly cool aspects of nature. ðŸ”¥  Banner done by u/esoterix_luke,Member: 14.88M
52,r/creepy,https://www.reddit.com//r/creepy/,All things creepy!,Member: 14.61M
53,r/relationship_advice,https://www.reddit.com//r/relationship_advice/,"Need help with your relationship? Whether it's romance, friendship, family, co-workers, or basic human interaction: we're here to help!",Member: 14.05M
54,r/lifehacks,https://www.reddit.com//r/lifehacks/,Lifehacks: Uncommon solutions to common problems.,Member: 13.86M
55,r/nba,https://www.reddit.com//r/nba/,A community for NBA discussion.,Member: 13.77M
56,r/pcmasterrace,https://www.reddit.com//r/pcmasterrace/,"Welcome to the official subreddit of the PC Master Race / PCMR!

All PC-related content is welcome, including build help, tech support, and any doubt one might have about PC ownership.

You don't necessarily need a PC to be a member of the PCMR. You just have to love PCs. It's not about the hardware in your rig, but the software in your heart!

Join us in celebrating and promoting tech, knowledge, and the best gaming, study, and work platform there exists. The Personal Computer.",Member: 12.95M
57,r/interestingasfuck,https://www.reddit.com//r/interestingasfuck/,For anything truly interesting as fuck,Member: 12.58M
58,r/ContagiousLaughter,https://www.reddit.com//r/ContagiousLaughter/,"Something to put you in a good mood.

Videos of people laughing infectiously. No context required.",Member: 12.33M
59,r/travel,https://www.reddit.com//r/travel/,"r/travel is a community about exploring the world. Your pictures, questions, stories, or any good content is welcome. 


Clickbait, spam, memes, ads/selling/buying, brochures, referrals, classifieds, surveys or self-promotion will be removed.",Member: 12.06M
60,r/Fitness,https://www.reddit.com//r/Fitness/,"A place for the pursuit of physical fitness goals.

Please see the r/Fitness Wiki and FAQ at https://thefitness.wiki for help with common questions.",Member: 11.98M
61,r/HistoryMemes,https://www.reddit.com//r/HistoryMemes/,A place for history memes about events over 20 years ago.,Member: 11.90M
62,r/dadjokes,https://www.reddit.com//r/dadjokes/,"Welcome!

This is a friendly place for those cringe-worthy and (maybe) funny attempts at humour that we call dad jokes. Often (but not always) a verbal or visual pun, if it elicited a snort or face palm then our community is ready to groan along with you.

To be clear, dad status is not a requirement. We're all different and excellent. Some people are born with lame jokes in their heart and so here, everyone is a dad. Some dads are wholesome, some are not.

It's about how the joke is delivered.",Member: 11.75M
63,r/anime,https://www.reddit.com//r/anime/,Reddit's premier anime community.,Member: 11.59M
64,r/oddlysatisfying,https://www.reddit.com//r/oddlysatisfying/,For those little things that are inexplicably satisfying.,Member: 11.14M
65,r/Unexpected,https://www.reddit.com//r/Unexpected/,This subreddit is for unexpected twists in videos and gifs.,Member: 11.05M
66,r/nfl,https://www.reddit.com//r/nfl/,The place to discuss all NFL related things,Member: 10.76M
67,r/NetflixBestOf,https://www.reddit.com//r/NetflixBestOf/,"The primary purpose of /r/NetflixBestOf is to shitpost about Breaking Bad.  Reposts are not only allowed, but are encouraged to some extent. The front page of this subreddit is meant to be a living representation of quality content on Netflix and you might see the same submissions multiple times. The mods are leaving it up to the community to utilize downvotes if they feel that reposts are too excessive.

We do not link to other subreddits",Member: 10.70M
68,r/EatCheapAndHealthy,https://www.reddit.com//r/EatCheapAndHealthy/,Eating healthy on a cheap budget,Member: 10.63M
69,r/MadeMeSmile,https://www.reddit.com//r/MadeMeSmile/,Welcome! /r/MadeMeSmile is a place to share things that made you smile or brightened up your day. A generally uplifting subreddit.,Member: 9.95M
70,r/AdviceAnimals,https://www.reddit.com//r/AdviceAnimals/,Reddit's Gold Mine,Member: 9.61M
71,r/tattoos,https://www.reddit.com//r/tattoos/,"This subreddit is to share, discuss, and ask questions about TATTOOS. Please enjoy your stay.",Member: 9.04M
72,r/CryptoCurrency,https://www.reddit.com//r/CryptoCurrency/,"The leading community for cryptocurrency news, discussion, and analysis.",Member: 8.70M
73,r/mildlyinfuriating,https://www.reddit.com//r/mildlyinfuriating/,jugkfmghgug,Member: 8.68M
74,r/politics,https://www.reddit.com//r/politics/,/r/Politics is for news and discussion about U.S. politics.,Member: 8.41M
75,r/BeAmazed,https://www.reddit.com//r/BeAmazed/,A place to find and share things which are amazing in a positive way.,Member: 8.38M
76,r/AnimalsBeingDerps,https://www.reddit.com//r/AnimalsBeingDerps/,"Pictures, gifs and videos of animals being derps",Member: 8.23M
77,r/FoodPorn,https://www.reddit.com//r/FoodPorn/,"Simple, attractive & visual. Nothing suggestive or inappropriate, this is a safe for work subreddit.",Member: 8.22M
78,r/facepalm,https://www.reddit.com//r/facepalm/,/r/facepalm - please sir can I have some more?,Member: 8.09M
79,r/ChatGPT,https://www.reddit.com//r/ChatGPT/,"Subreddit to discuss ChatGPT and AI. Not affiliated with OpenAI. Thanks, Nat!",Member: 7.90M
80,r/Minecraft,https://www.reddit.com//r/Minecraft/,Minecraft community on Reddit,Member: 7.90M
81,r/europe,https://www.reddit.com//r/europe/,"Europe: 50 (+6) countries, 230 languages, 746M peopleâ€¦ 1 subreddit.",Member: 7.88M
82,r/soccer,https://www.reddit.com//r/soccer/,"The football subreddit. 

News, results, and discussion about the beautiful game.",Member: 7.78M
83,r/leagueoflegends,https://www.reddit.com//r/leagueoflegends/,This is a subreddit devoted to the game League of Legends.,Member: 7.75M
84,r/Parenting,https://www.reddit.com//r/Parenting/,"/r/Parenting is the place to discuss the ins and out as well as ups and downs of child-rearing. From the early stages of pregnancy to when your teenagers are finally ready to leave the nest (even if they don't want to) we're here to help you through this crazy thing called parenting. 

You can get advice on potty training, talk about breastfeeding, discuss how to get your baby to sleep or ask if that one weird thing your kid does is normal.",Member: 7.63M
85,r/PS5,https://www.reddit.com//r/PS5/,"The Reddit home for PlayStation 5 - your hub for PS5, Pro & VR2 news and discussion. 


Consider joining r/PlayStation for your daily dose of memes, screenshots, and other casual discussion.",Member: 7.57M
86,r/WatchPeopleDieInside,https://www.reddit.com//r/WatchPeopleDieInside/,Welcome to WatchPeopleDieInside,Member: 7.55M
87,r/rarepuppers,https://www.reddit.com//r/rarepuppers/,"This is a subreddit devoted to cute little animols such as puppers, cates and turtols, and all sorts of other cute animols :)",Member: 7.49M
88,r/buildapc,https://www.reddit.com//r/buildapc/,"Planning on building a computer but need some advice? This is the place to ask!


 /r/buildapc is a community-driven subreddit dedicated to custom PC assembly. Anyone is welcome to seek the input of our helpful community as they piece together their desktop.",Member: 7.44M
89,r/NintendoSwitch,https://www.reddit.com//r/NintendoSwitch/,"The central hub for all news, updates, rumors, and topics relating to the Nintendo Switch. We are a fan-run community, not an official Nintendo forum.",Member: 7.41M
90,r/gardening,https://www.reddit.com//r/gardening/,"A place for the best guides, pictures, and discussions of all things related to plants and their care.",Member: 7.34M
91,r/FunnyAnimals,https://www.reddit.com//r/FunnyAnimals/,Welcome to the subreddit for our funny animal friends!,Member: 7.33M
92,r/Bitcoin,https://www.reddit.com//r/Bitcoin/,"Bitcoin is the currency of the Internet: a distributed, worldwide, decentralized digital money. Unlike traditional currencies such as dollars, bitcoins are issued and managed without any central authority whatsoever: there is no government, company, or bank in charge of Bitcoin. As such, it is more resistant to wild inflation and corrupt banks. With Bitcoin, you can be your own bank.",Member: 7.33M
93,r/cats,https://www.reddit.com//r/cats/,"Pictures, videos, questions, and articles featuring/about cats.",Member: 7.09M
94,r/itookapicture,https://www.reddit.com//r/itookapicture/,"A subreddit about photography techniques and styles. Post your work here to ask for critique, or browse the submissions and learn how photography techniques are achieved.",Member: 7.02M
95,r/cars,https://www.reddit.com//r/cars/,"r/Cars is the largest automotive enthusiast community on the Internet. We're Reddit's central hub for vehicle-related discussion, industry news, reviews, projects, DIY guides, advice, stories, and more.",Member: 6.89M
96,r/AnimalsBeingBros,https://www.reddit.com//r/AnimalsBeingBros/,"A place for sharing videos, gifs, and images of animals being bros.",Member: 6.63M
97,r/programming,https://www.reddit.com//r/programming/,Computer Programming,Member: 6.56M
98,r/AnimalsBeingJerks,https://www.reddit.com//r/AnimalsBeingJerks/,"A place for sharing videos, gifs, and images of animals being jerks.",Member: 6.49M
99,r/CozyPlaces,https://www.reddit.com//r/CozyPlaces/,"""Cosy"", or the American spelling ""Cozy"", means to give a feeling of comfort, warmth, and relaxation. 

/r/CozyPlaces is an inclusive and positive community that features original content photography of cozy places from all around the world, of all shapes, sizes, and price ranges.",Member: 6.47M
100,r/HumansBeingBros,https://www.reddit.com//r/HumansBeingBros/,"A place for sharing videos, gifs, news stories and images of people being total bros.",Member: 6.47M
101,r/MakeupAddiction,https://www.reddit.com//r/MakeupAddiction/,The subreddit for everything makeup related.,Member: 6.28M
102,r/starterpacks,https://www.reddit.com//r/starterpacks/,Home of starterpacks!,Member: 5.99M
103,r/malefashionadvice,https://www.reddit.com//r/malefashionadvice/,"Reddit's largest men's fashion community. Making clothing less intimidating and helping you develop your own style. We welcome those who want to learn and those who want to contribute. We aim to foster an environment where everybody feels safe and welcomed and where people feel encouraged to have healthy and productive discussions. Note this sub focuses on clothing not hair style, skincare, etc.",Member: 5.94M
104,r/Tinder,https://www.reddit.com//r/Tinder/,"A community for discussing the online dating app Tinder. Sharing conversations, reviewing profiles and more.",Member: 5.93M
105,r/Overwatch,https://www.reddit.com//r/Overwatch/,"Subreddit for all things Overwatchâ„¢, Overwatch 2â„¢ and the Overwatchâ„¢ Universe, the team-based shooter from Blizzard Entertainment.",Member: 5.91M
106,r/Frugal,https://www.reddit.com//r/Frugal/,"Frugality is the mental approach we each take when considering our resource allocations. It includes time, money, convenience, and many other factors.",Member: 5.90M
107,r/Awwducational,https://www.reddit.com//r/Awwducational/,"Don't just waste your time-learn something! 

 r/awwducational is your source for all cute things  in the natural world.

 Each post is sourced so you'll come away with a bit of knowledge and a lot of cute.",Member: 5.86M
108,r/nevertellmetheodds,https://www.reddit.com//r/nevertellmetheodds/,"Nearly impossible feats of achievement, those with great degree of difficulty or incredible odds.",Member: 5.86M
109,r/apple,https://www.reddit.com//r/apple/,An unofficial community about Apple and all of its devices and software.,Member: 5.79M
110,r/socialskills,https://www.reddit.com//r/socialskills/,"Share your favorite social skills tips, ask for advice, or offer encouragement to others on their social skills journey. Don't forget to subscribe!",Member: 5.65M
111,r/coolguides,https://www.reddit.com//r/coolguides/,"Picture based reference guides for anything and everything. If it seems like something someone might print, physically post, and reference then it is a good link for this sub. 

Remember: Infographics are learning tools, guides are reference tools. Sometimes it's grey.",Member: 5.64M
112,r/woodworking,https://www.reddit.com//r/woodworking/,"Woodworking is your worldwide home for discussion of all things woodworking, carpentry, fine furniture, power tools, hand tools, and just about anything else about making - anything - from trees!",Member: 5.55M
113,r/PS4,https://www.reddit.com//r/PS4/,"The largest PlayStation 4 community on the internet. Your hub for everything related to PS4 including games, news, reviews, discussion, questions, videos, and screenshots.",Member: 5.54M
114,r/entertainment,https://www.reddit.com//r/entertainment/,For news and discussion of the entertainment industry.,Member: 5.53M
115,r/dating,https://www.reddit.com//r/dating/,A subreddit to discuss and explore the dating process and learn from the experiences of others,Member: 5.52M
116,r/foodhacks,https://www.reddit.com//r/foodhacks/,"Food hacks is a place to share quick and simple tips on making food that has more flavor, more nutritional value, or both!",Member: 5.51M
117,r/nutrition,https://www.reddit.com//r/nutrition/,"A subreddit for the discussion of nutrition science. Macronutrients, micronutrients, vitamins, diets, and nutrition news are among the many topics discussed.

Civil discourse is required.",Member: 5.46M
118,r/femalefashionadvice,https://www.reddit.com//r/femalefashionadvice/,"Welcome to Female Fashion Advice. Here we discuss anything related Fashion. Make sure to read the rules carefully before posting, if you do have any questions please reach out to the moderators so we can help you.",Member: 5.45M
119,r/CrappyDesign,https://www.reddit.com//r/CrappyDesign/,MAY THE COMIC SANS AND LENS FLARES FLOW UNFILTERED,Member: 5.45M
120,r/photography,https://www.reddit.com//r/photography/,"/r/photography is a place to politely discuss the tools, technique, art and culture of photography and to post topics that would be of interest to other photographers.",Member: 5.43M
121,r/YouShouldKnow,https://www.reddit.com//r/YouShouldKnow/,Welcome to YouShouldKnow,Member: 5.43M
122,r/nasa,https://www.reddit.com//r/nasa/,"r/NASA is for anything related to the National Aeronautics and Space Administration; the latest news, events, current and future missions, and more.",Member: 5.43M
123,r/drawing,https://www.reddit.com//r/drawing/,"Drawing is the act of making marks on a substrate by moving something across it. Discussion, technique, gear, and all kinds of artwork are welcome. Make yourself at home!",Member: 5.34M
124,r/bestof,https://www.reddit.com//r/bestof/,The best of reddit comments,Member: 5.28M
125,r/FortNiteBR,https://www.reddit.com//r/FortNiteBR/,"The developer supported, community run subreddit dedicated to the Fortnite: Battle Royale game mode by Epic Games.",Member: 5.24M
126,r/technicallythetruth,https://www.reddit.com//r/technicallythetruth/,"For information that is technically true, but far from the expected answer.",Member: 5.21M
127,r/ModernWarfareII,https://www.reddit.com//r/ModernWarfareII/,"Call of Duty: Modern Warfare II is a 2022 first-person shooter video game developed by Infinity Ward and published by Activision.

r/ModernWarfareII is a developer-recognized community focused on the title.",Member: 5.17M
128,r/MealPrepSunday,https://www.reddit.com//r/MealPrepSunday/,"/r/MealPrepSunday is a subreddit dedicated to meal prepping. This is a space to discuss all things about meal prepping. Whether you're looking to prep to save time, money, or to get in those gains, this is the place to ask questions, get answers, and share your meal preps with the world of Reddit! Happy prepping!",Member: 5.13M
129,r/NoStupidQuestions,https://www.reddit.com//r/NoStupidQuestions/,"Ask away!

Disclaimer: This is an anonymous forum so answers may not be correct",Member: 5.12M
130,r/TravelHacks,https://www.reddit.com//r/TravelHacks/,"Cheap traveling, ways to get around, tips & tricks, etc.


For general travel advice use /r/travel or similar. Check sidebars for helpful links first.",Member: 5.12M
131,r/Sneakers,https://www.reddit.com//r/Sneakers/,A subreddit for sneaker lovers.,Member: 5.11M
132,r/pokemongo,https://www.reddit.com//r/pokemongo/,"Reddit's No1 subreddit for Pokemon Go, Niantic's popular mobile game!",Member: 5.09M
133,r/backpacking,https://www.reddit.com//r/backpacking/,"A subreddit for traveling backpacking and wilderness backpacking, not restricted to one or the other. All posts must be flaired ""Travel"" or ""Wilderness""",Member: 5.07M
134,r/boardgames,https://www.reddit.com//r/boardgames/,"The #1 Reddit source for news, information, and discussion about modern board games and board game culture. Join the community and come discuss games like Codenames, Wingspan, Brass, and all your other favorite games!",Member: 5.06M
135,r/trippinthroughtime,https://www.reddit.com//r/trippinthroughtime/,"In historic art pieces depicting multiple humans, there is a law that at least one of those humans will look like they have no clue how or why they got there. It's like Where's Waldo, except instead of looking for Waldo you're looking for the dude that looks like he just dropped acid.",Member: 5.05M
136,r/anime_irl,https://www.reddit.com//r/anime_irl/,"Relatable screenshots from anime and manga.

Post who you are behind the keyboard. All posts must be titled anime_irl.",Member: 5.04M
137,r/battlestations,https://www.reddit.com//r/battlestations/,"Battlestations are considered complete computer setups including an external monitor, mouse, keyboard, audio playback and recording devices (if applicable).",Member: 5.00M
138,r/Outdoors,https://www.reddit.com//r/Outdoors/,"Outdoor recreation: keeping humans fit, fed and happy for thousands of years! The sun on your face, the wind in your hair: all this and more could be yours to experience... if you ever get off reddit and go outside for once! Outdoors is for all outdoor experiences, not limited to any specific interest. 

Caving, mountain climbing, cycling, bushcraft, gardening, sailing, plants, birds, trees, going for a stroll -- it's all on topic here!",Member: 4.90M
139,r/MapPorn,https://www.reddit.com//r/MapPorn/,High quality images of maps.,Member: 4.89M
140,r/Economics,https://www.reddit.com//r/Economics/,"Reddit's largest economics community. Serving as a central forum for users to read, discuss, and learn more about topics related to the economic discipline. We have written rules to support this aim and welcome those who want to learn and those who want to contribute. We aim to foster an environment where everybody feels safe and welcomed and where people feel encouraged to have healthy and productive discuss",Member: 4.87M
141,r/biology,https://www.reddit.com//r/biology/,A place to discuss all things biology! We welcome people and content from all related fields.,Member: 4.87M
142,r/streetwear,https://www.reddit.com//r/streetwear/,"We are a community of fashion enthusiasts who aim to express our individuality and show off our style through streetwear, a fashion movement that combines elements of countercultures around the world with modern street style. Users here are encouraged to show off their latest outfits and pickups, and engage in discussion about fashion and streetwear culture.",Member: 4.84M
143,r/Survival,https://www.reddit.com//r/Survival/,Wilderness Survival,Member: 4.83M
144,r/Shoestring,https://www.reddit.com//r/Shoestring/,"A community to discuss frugal travelling, last-minute travel deals, cheap destinations, and cheap means of travel. Whether couchsurfing, camping, or staying in hostels, whether hitchhiking or staying on Airbnb, let's discuss and share the best budget travel ideas and deals!",Member: 4.81M
145,r/OnePiece,https://www.reddit.com//r/OnePiece/,"Welcome to r/OnePiece, the community for Eiichiro Oda's manga and anime series One Piece. From the East Blue to the New World, anything related to the world of One Piece belongs here! If you've just set sail with the Straw Hat Pirates, be wary of spoilers on this subreddit!",Member: 4.73M
146,r/camping,https://www.reddit.com//r/camping/,A subreddit for campers concerned more about the act of camping and less concerned about hiking long distances or light gear. Primarily for tent/hammock camping. No RV camping here.,Member: 4.61M
147,r/BikiniBottomTwitter,https://www.reddit.com//r/BikiniBottomTwitter/,Spongebob memes,Member: 4.59M
148,r/strength_training,https://www.reddit.com//r/strength_training/,"Discussion of all topics related to strength training: Bodybuilding, powerlifting, weightlifting, strongman, kettlebells, bodyweight training.",Member: 4.59M
149,r/pettyrevenge,https://www.reddit.com//r/pettyrevenge/,For all your stories of small victories over those who've wronged you.,Member: 4.58M
150,r/PremierLeague,https://www.reddit.com//r/PremierLeague/,A community for the English Premier League,Member: 4.57M
151,r/dating_advice,https://www.reddit.com//r/dating_advice/,this sub is for advice about specific dating situations not general debates.  posts about relationships longer than 6 months post go to r/relationship_advice or if you are married post to r/marriage,Member: 4.55M
152,r/pokemon,https://www.reddit.com//r/pokemon/,"r/pokemon is an unofficial PokÃ©mon fan community. This is the place for most things PokÃ©mon on Redditâ€”TV shows, video games, toys, trading cards, you name it!",Member: 4.55M
153,r/slowcooking,https://www.reddit.com//r/slowcooking/,"r/Slowcooking is a food-related subreddit for sharing ideas, recipes or pictures in which a ""Crock-PotÂ®"" style slow cooker was used. Slow cooking is an ideal method for cooking less expensive portions of meat to make them more tender and tasty than by other forms of cookery.
Vegetarian and vegan dishes can also be made via slow cooking.

- crockpot, slowcooker, crock, crock-pot, slow cooker",Member: 4.41M
154,r/formula1,https://www.reddit.com//r/formula1/,"Welcome to r/Formula1, the best independent online Formula 1 community!",Member: 4.40M
155,r/HomeImprovement,https://www.reddit.com//r/HomeImprovement/,"Only text posts are allowed here. YOU MUST have minimum karma to participate in the sub.
Submit here: https://diy.stackexchange.com/",Member: 4.39M
156,r/unpopularopinion,https://www.reddit.com//r/unpopularopinion/,Share your burning hot takes and unpopular opinions!,Member: 4.36M
157,r/Steam,https://www.reddit.com//r/Steam/,"A subreddit for members of the Steam Community and fans of steam.

Discord: discord.gg/steam",Member: 4.35M
158,r/Eyebleach,https://www.reddit.com//r/Eyebleach/,"The catch-all community for sharing beautiful, happy, or adorable content. After a long day of seeing what internet anonymity can do to people, you're bound to need some eye bleach.",Member: 4.35M
159,r/popculturechat,https://www.reddit.com//r/popculturechat/,"For serious gossips with a great sense of humor. No bores, no bullies. Come for the gossip, stay for the analysis & community.",Member: 4.32M
160,r/marvelstudios,https://www.reddit.com//r/marvelstudios/,This subreddit is dedicated to discussing Marvel Studios' films and series and anything else related to the MCU.,Member: 4.32M
161,r/unitedkingdom,https://www.reddit.com//r/unitedkingdom/,"For the United Kingdom of Great Britain (England, Scotland, Wales) and Northern Ireland; News, Politics, Economics, Society, Business, Culture, discussion and anything else UK related.",Member: 4.27M
162,r/scifi,https://www.reddit.com//r/scifi/,"Science Fiction, or Speculative Fiction if you prefer. Fantasy too.  Asimov, Bradbury, Clarke, Dick, Heinlein and other SF books.  SF movies and TV shows.  Fantasy stuff like Tolkien and Game of Thrones.  Laser guns, space ships, and time travel.  etc.   Star Trek, Battlestar, Star Wars, etc.",Member: 4.27M
163,r/SkincareAddiction,https://www.reddit.com//r/SkincareAddiction/,"The place for all things related to skincare, with a science-based approach.",Member: 4.23M
164,r/Entrepreneur,https://www.reddit.com//r/Entrepreneur/,"Our community brings together individuals driven by a shared commitment to problem-solving, professional networking, and collaborative innovation, all with the goal of making a positive impact. We welcome a diverse range of pursuits, from side projects and small businesses to venture-backed startups and solo ventures. However, this is a space for genuine connection and exchange of ideas, not self-promotion. Please refrain from promoting personal blogs, consulting services, books, podcasts, MLMs,",Member: 4.22M
165,r/bodyweightfitness,https://www.reddit.com//r/bodyweightfitness/,"Bodyweight Fitness is for redditors who like to use their own body to train, from the simple pullups, pushups, and squats to the advanced bodyweight fitness movements like the planche, one arm chin-ups, or single leg squats. Start your fitness journey with one of the recommended routines in our wiki! Join our Discord Server!

Discord: https://discord.gg/bwf",Member: 4.22M
166,r/careerguidance,https://www.reddit.com//r/careerguidance/,"A place to discuss career options, to ask questions and give advice!",Member: 4.18M
167,r/homeautomation,https://www.reddit.com//r/homeautomation/,A place to share and discuss all things related to home automation.,Member: 4.16M
168,r/Daytrading,https://www.reddit.com//r/Daytrading/,"Daytrading futures, forex, stocks, etc.",Member: 4.15M
169,r/woahdude,https://www.reddit.com//r/woahdude/,"The best links to click while you're stoned!

Psychedelic, mindfucking, mesmerizing, reality-distorting or trippy games, video, audio & images that make a sober person feel stoned, or stoned person trip harder!

Come for mindfucks and self-inflicted gaslighting. Or the hypnotic or mesmerising. Vivid colors, intense patterns. Mind-blowing science and philosophy. Chill or trippy music. Surrealism, absurdism and strangeness.

Reminder: This is not a ""reaction subreddit"".",Member: 4.15M
170,r/hardware,https://www.reddit.com//r/hardware/,"/r/hardware is a place for quality computer hardware news, reviews, and intelligent discussion.",Member: 4.14M
171,r/learnprogramming,https://www.reddit.com//r/learnprogramming/,A subreddit for all questions related to programming in any language.,Member: 4.14M
172,r/MovieDetails,https://www.reddit.com//r/MovieDetails/,"Details in Movies, Movie Details!",Member: 4.11M
173,r/Cooking,https://www.reddit.com//r/Cooking/,Welcome to Cooking,Member: 4.11M
174,r/psychology,https://www.reddit.com//r/psychology/,A Reddit community for sharing and discussing science-based psychological material.,Member: 4.10M
175,r/solotravel,https://www.reddit.com//r/solotravel/,A place for all of those interested in solo travel to share their experiences and stories!,Member: 4.09M
176,r/MaliciousCompliance,https://www.reddit.com//r/MaliciousCompliance/,"People conforming to the letter, but not the spirit, of a request.",Member: 4.08M
177,r/CFB,https://www.reddit.com//r/CFB/,The home of college football on reddit.,Member: 4.07M
178,r/MyPeopleNeedMe,https://www.reddit.com//r/MyPeopleNeedMe/,I MUST GO.,Member: 4.06M
179,r/IdiotsInCars,https://www.reddit.com//r/IdiotsInCars/,"When idiots get behind the wheel of a vehicle, shit gets funny.",Member: 4.04M
180,r/iphone,https://www.reddit.com//r/iphone/,Redditâ€™s little corner for iPhone lovers (and some people who just mildly enjoy itâ€¦),Member: 4.00M
181,r/ProgrammerHumor,https://www.reddit.com//r/ProgrammerHumor/,For anything funny related to programming and software development.,Member: 3.98M
182,r/loseit,https://www.reddit.com//r/loseit/,"A place for people of all sizes to discuss healthy and sustainable methods of weight loss. Whether you need to lose 2 lbs or 400 lbs, you are welcome here!",Member: 3.95M
183,r/marvelmemes,https://www.reddit.com//r/marvelmemes/,Welcome to r/marvelmemes: The home of Marvel memes on Reddit!,Member: 3.95M
184,r/Design,https://www.reddit.com//r/Design/,Design,Member: 3.93M
185,r/Fauxmoi,https://www.reddit.com//r/Fauxmoi/,The Reddit gossip sub.,Member: 3.91M
186,r/HighQualityGifs,https://www.reddit.com//r/HighQualityGifs/,"Welcome to HighQualityGifs, we got OC gifs here.",Member: 3.89M
187,r/DnD,https://www.reddit.com//r/DnD/,"A subreddit dedicated to the various iterations of Dungeons & Dragons, from its First Edition roots to its One D&D future.",Member: 3.88M
188,r/Hair,https://www.reddit.com//r/Hair/,Welcome to the /r/hair community! This community is all about hair and beauty.,Member: 3.87M
189,r/spaceporn,https://www.reddit.com//r/spaceporn/,"SpacePorn is a subreddit devoted to beautiful space images ðŸš€ðŸŒŒ. As long as the focus of the image is related to space in some way, it is allowed. 

This includes photographs, composites, photoshops, simulation renders, artist's depictions, and artwork.",Member: 3.83M
190,r/reactiongifs,https://www.reddit.com//r/reactiongifs/,"Give a man a gif and he will meme all day, teach a man to REACT and he will be as a GOD",Member: 3.80M
191,r/comicbooks,https://www.reddit.com//r/comicbooks/,"A reddit for fans of comic books, graphic novels, and digital comics.",Member: 3.77M
192,r/StarWars,https://www.reddit.com//r/StarWars/,"Unofficial community for Star Wars, an American epic space opera franchise, created by George Lucas and centered around a film series that began with the eponymous 1977 movie.",Member: 3.75M
193,r/Eldenring,https://www.reddit.com//r/Eldenring/,"This is the subreddit for the Elden Ring gaming community. Elden Ring is an action RPG which takes place in the Lands Between, sometime after the Shattering of the titular Elden Ring. Players must explore and fight their way through the vast open-world to unite all the shards, restore the Elden Ring, and become Elden Lord.

Elden Ring was directed by Hidetaka Miyazaki and made in collaboration with George R. R. Martin. It was developed by FromSoft and published by Bandai Namco.",Member: 3.74M
194,r/keto,https://www.reddit.com//r/keto/,"The Ketogenic Diet is a low carbohydrate method of eating. /r/keto is place to share thoughts, ideas, benefits, and experiences around eating within a Ketogenic lifestyle.

Helping people with diabetes, epilepsy, autoimmune disorders, acid reflux, inflammation, hormonal imbalances, and a number of other issues, every day.",Member: 3.74M
195,r/compsci,https://www.reddit.com//r/compsci/,"Computer Science Theory and Application. We share and discuss any content that computer scientists find interesting. People from all walks of life welcome, including hackers, hobbyists, professionals, and academics.",Member: 3.73M
196,r/ThriftStoreHauls,https://www.reddit.com//r/ThriftStoreHauls/,"A forum dedicated to sharing your thrift finds. Garage sales, flea markets, pawn shops, and more are all allowed. Come join our community and share your passion for the hunt with like-minded people!",Member: 3.72M
197,r/changemyview,https://www.reddit.com//r/changemyview/,"A place to post an opinion you accept may be flawed, in an effort to understand other perspectives on the issue. Enter with a mindset for conversation, not debate.",Member: 3.71M
198,r/roadtrip,https://www.reddit.com//r/roadtrip/,"/r/roadtrip is your source for everything road trip related. Whether you enjoy traveling by motorcycle, car, or recreational vehicle this is your destination for everything related to road trips!",Member: 3.70M
199,r/standupshots,https://www.reddit.com//r/standupshots/,It's a subreddit for pictures of comedians telling jokes.,Member: 3.70M
200,r/Fantasy,https://www.reddit.com//r/Fantasy/,"r/Fantasy is the internet's largest discussion forum for the greater Speculative Fiction genre. Fans of fantasy, science fiction, horror, alt history, and more can all find a home with us. We welcome respectful dialogue related to speculative fiction in literature, games, film, and the wider world. We ask all users help us create a welcoming environment by reporting posts/comments that do not follow the subreddit rules.",Member: 3.67M
